AB10,Scotland
AB11,Scotland
AB12,Scotland
AB13,Scotland
AB14,Scotland
AB15,Scotland
AB16,Scotland
AB21,Scotland
AB22,Scotland
AB23,Scotland
AB24,Scotland
AB25,Scotland
AB30,Scotland
AB31,Scotland
AB32,Scotland
AB33,Scotland
AB34,Scotland
AB35,Scotland
AB36,Scotland
AB37,Scotland
AB38,Scotland
AB39,Scotland
AB41,Scotland
AB42,Scotland
AB43,Scotland
AB44,Scotland
AB45,Scotland
AB51,Scotland
AB52,Scotland
AB53,Scotland
AB54,Scotland
AB55,Scotland
AB56,Scotland
AL1,East of England
AL10,East of England
AL2,East of England
AL3,East of England
AL4,East of England
AL5,East of England
AL6,East of England
AL7,East of England
AL8,East of England
AL9,East of England
B1,West Midlands
B10,West Midlands
B11,West Midlands
B12,West Midlands
B13,West Midlands
B14,West Midlands
B15,West Midlands
B16,West Midlands
B17,West Midlands
B18,West Midlands
B19,West Midlands
B2,West Midlands
B20,West Midlands
B21,West Midlands
B23,West Midlands
B24,West Midlands
B25,West Midlands
B26,West Midlands
B27,West Midlands
B28,West Midlands
B29,West Midlands
B3,West Midlands
B30,West Midlands
B31,West Midlands
B32,West Midlands
B33,West Midlands
B34,West Midlands
B35,West Midlands
B36,West Midlands
B37,West Midlands
B38,West Midlands
B4,West Midlands
B40,West Midlands
B42,West Midlands
B43,West Midlands
B44,West Midlands
B45,West Midlands
B46,West Midlands
B47,West Midlands
B48,West Midlands
B49,West Midlands
B5,West Midlands
B50,West Midlands
B6,West Midlands
B60,West Midlands
B61,West Midlands
B62,West Midlands
B63,West Midlands
B64,West Midlands
B65,West Midlands
B66,West Midlands
B67,West Midlands
B68,West Midlands
B69,West Midlands
B7,West Midlands
B70,West Midlands
B71,West Midlands
B72,West Midlands
B73,West Midlands
B74,West Midlands
B75,West Midlands
B76,West Midlands
B77,West Midlands
B78,West Midlands
B79,West Midlands
B8,West Midlands
B80,West Midlands
B9,West Midlands
B90,West Midlands
B91,West Midlands
B92,West Midlands
B93,West Midlands
B94,West Midlands
B95,West Midlands
B96,West Midlands
B97,West Midlands
B98,West Midlands
BA1,South West
BA10,South West
BA11,South West
BA12,South West
BA13,South West
BA14,South West
BA15,South West
BA16,South West
BA2,South West
BA20,South West
BA21,South West
BA22,South West
BA3,South West
BA4,South West
BA5,South West
BA6,South West
BA7,South West
BA8,South West
BA9,South West
BB1,North West
BB10,North West
BB11,North West
BB12,North West
BB18,North West
BB2,North West
BB3,North West
BB4,North West
BB5,North West
BB6,North West
BB7,North West
BB8,North West
BB9,North West
BD1,Yorkshire and the Humber
BD10,Yorkshire and the Humber
BD11,Yorkshire and the Humber
BD12,Yorkshire and the Humber
BD13,Yorkshire and the Humber
BD14,Yorkshire and the Humber
BD15,Yorkshire and the Humber
BD16,Yorkshire and the Humber
BD17,Yorkshire and the Humber
BD18,Yorkshire and the Humber
BD19,Yorkshire and the Humber
BD2,Yorkshire and the Humber
BD20,Yorkshire and the Humber
BD21,Yorkshire and the Humber
BD22,Yorkshire and the Humber
BD23,Yorkshire and the Humber
BD24,Yorkshire and the Humber
BD3,Yorkshire and the Humber
BD4,Yorkshire and the Humber
BD5,Yorkshire and the Humber
BD6,Yorkshire and the Humber
BD7,Yorkshire and the Humber
BD8,Yorkshire and the Humber
BD9,Yorkshire and the Humber
BH1,South West
BH10,South West
BH11,South West
BH12,South West
BH13,South West
BH14,South West
BH15,South West
BH16,South West
BH17,South West
BH18,South West
BH19,South West
BH2,South West
BH20,South West
BH21,South West
BH22,South West
BH23,South East
BH24,South East
BH25,South East
BH3,South West
BH31,South West
BH4,South West
BH5,South West
BH6,South West
BH7,South West
BH8,South West
BH9,South West
BL0,North West
BL1,North West
BL2,North West
BL3,North West
BL4,North West
BL5,North West
BL6,North West
BL7,North West
BL8,North West
BL9,North West
BN1,South East
BN10,South East
BN11,South East
BN12,South East
BN13,South East
BN14,South East
BN15,South East
BN16,South East
BN17,South East
BN18,South East
BN2,South East
BN20,South East
BN21,South East
BN22,South East
BN23,South East
BN24,South East
BN25,South East
BN26,South East
BN27,South East
BN3,South East
BN41,South East
BN42,South East
BN43,South East
BN44,South East
BN45,South East
BN5,South East
BN6,South East
BN7,South East
BN8,South East
BN9,South East
BR1,London
BR2,London
BR3,London
BR4,London
BR5,London
BR6,London
BR7,London
BR8,London
BS1,South West
BS10,South West
BS11,South West
BS13,South West
BS14,South West
BS15,South West
BS16,South West
BS2,South West
BS20,South West
BS21,South West
BS22,South West
BS23,South West
BS24,South West
BS25,South West
BS26,South West
BS27,South West
BS28,South West
BS29,South West
BS3,South West
BS30,South West
BS31,South West
BS32,South West
BS34,South West
BS35,South West
BS36,South West
BS37,South West
BS39,South West
BS4,South West
BS40,South West
BS41,South West
BS48,South West
BS49,South West
BS5,South West
BS6,South West
BS7,South West
BS8,South West
BS9,South West
BS99,South West
BT1,Northern Ireland
BT10,Northern Ireland
BT11,Northern Ireland
BT12,Northern Ireland
BT13,Northern Ireland
BT14,Northern Ireland
BT15,Northern Ireland
BT16,Northern Ireland
BT17,Northern Ireland
BT18,Northern Ireland
BT19,Northern Ireland
BT2,Northern Ireland
BT20,Northern Ireland
BT21,Northern Ireland
BT22,Northern Ireland
BT23,Northern Ireland
BT24,Northern Ireland
BT25,Northern Ireland
BT26,Northern Ireland
BT27,Northern Ireland
BT28,Northern Ireland
BT29,Northern Ireland
BT3,Northern Ireland
BT30,Northern Ireland
BT31,Northern Ireland
BT32,Northern Ireland
BT33,Northern Ireland
BT34,Northern Ireland
BT35,Northern Ireland
BT36,Northern Ireland
BT37,Northern Ireland
BT38,Northern Ireland
BT39,Northern Ireland
BT4,Northern Ireland
BT40,Northern Ireland
BT41,Northern Ireland
BT42,Northern Ireland
BT43,Northern Ireland
BT44,Northern Ireland
BT45,Northern Ireland
BT46,Northern Ireland
BT47,Northern Ireland
BT48,Northern Ireland
BT49,Northern Ireland
BT5,Northern Ireland
BT51,Northern Ireland
BT52,Northern Ireland
BT53,Northern Ireland
BT54,Northern Ireland
BT55,Northern Ireland
BT56,Northern Ireland
BT57,Northern Ireland
BT6,Northern Ireland
BT60,Northern Ireland
BT61,Northern Ireland
BT62,Northern Ireland
BT63,Northern Ireland
BT64,Northern Ireland
BT65,Northern Ireland
BT66,Northern Ireland
BT67,Northern Ireland
BT68,Northern Ireland
BT69,Northern Ireland
BT7,Northern Ireland
BT70,Northern Ireland
BT71,Northern Ireland
BT74,Northern Ireland
BT75,Northern Ireland
BT76,Northern Ireland
BT77,Northern Ireland
BT78,Northern Ireland
BT79,Northern Ireland
BT8,Northern Ireland
BT80,Northern Ireland
BT81,Northern Ireland
BT82,Northern Ireland
BT9,Northern Ireland
BT92,Northern Ireland
BT93,Northern Ireland
BT94,Northern Ireland
CA1,North West
CA10,North West
CA11,North West
CA12,North West
CA13,North West
CA14,North West
CA15,North West
CA16,North West
CA17,North West
CA18,North West
CA19,North West
CA2,North West
CA20,North West
CA21,North West
CA22,North West
CA23,North West
CA24,North West
CA25,North West
CA26,North West
CA27,North West
CA28,North West
CA3,North West
CA4,North West
CA5,North West
CA6,North West
CA7,North West
CA8,North West
CA9,North West
CB1,East of England
CB10,East of England
CB11,East of England
CB2,East of England
CB21,East of England
CB22,East of England
CB23,East of England
CB3,East of England
CB4,East of England
CB5,East of England
CB6,East of England
CB7,East of England
CB8,East of England
CB9,East of England
CF10,Wales
CF11,Wales
CF14,Wales
CF15,Wales
CF23,Wales
CF24,Wales
CF3,Wales
CF31,Wales
CF32,Wales
CF33,Wales
CF34,Wales
CF35,Wales
CF36,Wales
CF37,Wales
CF38,Wales
CF39,Wales
CF40,Wales
CF41,Wales
CF42,Wales
CF43,Wales
CF44,Wales
CF45,Wales
CF46,Wales
CF47,Wales
CF48,Wales
CF5,Wales
CF61,Wales
CF62,Wales
CF63,Wales
CF64,Wales
CF71,Wales
CF72,Wales
CF81,Wales
CF82,Wales
CF83,Wales
CH1,North West
CH2,North West
CH3,North West
CH4,North West
CH41,North West
CH42,North West
CH43,North West
CH44,North West
CH45,North West
CH46,North West
CH47,North West
CH48,North West
CH49,North West
CH5,Wales
CH6,Wales
CH60,North West
CH61,North West
CH62,North West
CH63,North West
CH64,North West
CH65,North West
CH66,North West
CH7,Wales
CH8,Wales
CM0,East of England
CM1,East of England
CM11,East of England
CM12,East of England
CM13,East of England
CM14,East of England
CM15,East of England
CM16,East of England
CM17,East of England
CM18,East of England
CM19,East of England
CM2,East of England
CM20,East of England
CM21,East of England
CM22,East of England
CM23,East of England
CM24,East of England
CM3,East of England
CM4,East of England
CM5,East of England
CM6,East of England
CM7,East of England
CM8,East of England
CM9,East of England
CO1,East of England
CO10,East of England
CO11,East of England
CO12,East of England
CO13,East of England
CO14,East of England
CO15,East of England
CO16,East of England
CO2,East of England
CO3,East of England
CO4,East of England
CO5,East of England
CO6,East of England
CO7,East of England
CO8,East of England
CO9,East of England
CR0,London
CR2,London
CR3,London
CR4,London
CR5,London
CR6,London
CR7,London
CR8,London
CRO,London
CT1,South East
CT10,South East
CT11,South East
CT12,South East
CT13,South East
CT14,South East
CT15,South East
CT16,South East
CT17,South East
CT18,South East
CT19,South East
CT2,South East
CT20,South East
CT21,South East
CT3,South East
CT4,South East
CT5,South East
CT6,South East
CT7,South East
CT8,South East
CT9,South East
CV1,West Midlands
CV10,West Midlands
CV11,West Midlands
CV12,West Midlands
CV13,East Midlands
CV2,West Midlands
CV21,West Midlands
CV22,West Midlands
CV23,West Midlands
CV3,West Midlands
CV31,West Midlands
CV32,West Midlands
CV33,West Midlands
CV34,West Midlands
CV35,West Midlands
CV36,West Midlands
CV37,West Midlands
CV4,West Midlands
CV47,West Midlands
CV5,West Midlands
CV6,West Midlands
CV7,West Midlands
CV8,West Midlands
CV9,West Midlands
CW1,North West
CW10,North West
CW11,North West
CW12,West Midlands
CW2,North West
CW3,West Midlands
CW4,North West
CW5,North West
CW6,North West
CW7,North West
CW8,North West
CW9,North West
DA1,South East
DA10,South East
DA11,South East
DA12,South East
DA13,South East
DA14,South East
DA15,South East
DA16,South East
DA17,South East
DA18,South East
DA2,South East
DA3,South East
DA4,South East
DA5,South East
DA6,South East
DA7,South East
DA8,South East
DA9,South East
DD1,Scotland
DD10,Scotland
DD11,Scotland
DD2,Scotland
DD3,Scotland
DD4,Scotland
DD5,Scotland
DD6,Scotland
DD7,Scotland
DD8,Scotland
DD9,Scotland
DE1,East Midlands
DE11,East Midlands
DE12,East Midlands
DE13,West Midlands
DE14,West Midlands
DE15,West Midlands
DE21,East Midlands
DE22,East Midlands
DE23,East Midlands
DE24,East Midlands
DE3,East Midlands
DE4,East Midlands
DE45,East Midlands
DE5,East Midlands
DE55,East Midlands
DE56,East Midlands
DE6,West Midlands
DE65,East Midlands
DE7,East Midlands
DE72,East Midlands
DE73,East Midlands
DE74,East Midlands
DE75,East Midlands
DG1,Scotland
DG10,Scotland
DG11,Scotland
DG12,Scotland
DG13,Scotland
DG14,Scotland
DG16,Scotland
DG2,Scotland
DG3,Scotland
DG4,Scotland
DG5,Scotland
DG6,Scotland
DG7,Scotland
DG8,Scotland
DG9,Scotland
DH1,North East
DH2,North East
DH3,North East
DH4,North East
DH5,North East
DH6,North East
DH7,North East
DH8,North East
DH9,North East
DL1,North East
DL10,Yorkshire and the Humber
DL11,Yorkshire and the Humber
DL12,North East
DL13,North East
DL14,North East
DL15,North East
DL16,North East
DL17,North East
DL2,North East
DL3,North East
DL4,North East
DL5,North East
DL6,Yorkshire and the Humber
DL7,Yorkshire and the Humber
DL8,Yorkshire and the Humber
DL9,Yorkshire and the Humber
DN1,Yorkshire and the Humber
DN10,East Midlands
DN11,East Midlands
DN12,Yorkshire and the Humber
DN14,Yorkshire and the Humber
DN15,Yorkshire and the Humber
DN16,Yorkshire and the Humber
DN17,East Midlands
DN18,Yorkshire and the Humber
DN19,Yorkshire and the Humber
DN2,Yorkshire and the Humber
DN20,Yorkshire and the Humber
DN21,Yorkshire and the Humber
DN22,East Midlands
DN3,Yorkshire and the Humber
DN31,Yorkshire and the Humber
DN32,Yorkshire and the Humber
DN33,Yorkshire and the Humber
DN34,Yorkshire and the Humber
DN35,Yorkshire and the Humber
DN36,Yorkshire and the Humber
DN37,Yorkshire and the Humber
DN38,East Midlands
DN39,East Midlands
DN4,Yorkshire and the Humber
DN40,Yorkshire and the Humber
DN41,East Midlands
DN5,Yorkshire and the Humber
DN6,Yorkshire and the Humber
DN7,Yorkshire and the Humber
DN8,Yorkshire and the Humber
DN9,Yorkshire and the Humber
DT1,South West
DT10,South West
DT11,South West
DT2,South West
DT3,South West
DT4,South West
DT5,South West
DT6,South West
DT7,South West
DT8,South West
DT9,South West
DY1,West Midlands
DY10,West Midlands
DY11,West Midlands
DY12,West Midlands
DY13,West Midlands
DY14,West Midlands
DY2,West Midlands
DY3,West Midlands
DY4,West Midlands
DY5,West Midlands
DY6,West Midlands
DY7,West Midlands
DY8,West Midlands
DY9,West Midlands
E1,London
E10,London
E11,London
E12,London
E13,London
E14,London
E15,London
E16,London
E17,London
E18,London
E1W,London
E2,London
E3,London
E4,London
E5,London
E6,London
E7,London
E8,London
E9,London
EC1,London
EC1A,London
EC1M,London
EC1N,London
EC1R,London
EC1V,London
EC1Y,London
EC2,London
EC2A,London
EC2M,London
EC2N,London
EC2R,London
EC2V,London
EC2Y,London
EC3,London
EC3A,London
EC3M,London
EC3N,London
EC3P,London
EC3R,London
EC3V,London
EC4,London
EC4A,London
EC4M,London
EC4N,London
EC4R,London
EC4V,London
EC4Y,London
EH1,Scotland
EH10,Scotland
EH11,Scotland
EH12,Scotland
EH13,Scotland
EH14,Scotland
EH15,Scotland
EH16,Scotland
EH17,Scotland
EH18,Scotland
EH19,Scotland
EH2,Scotland
EH20,Scotland
EH21,Scotland
EH22,Scotland
EH23,Scotland
EH24,Scotland
EH25,Scotland
EH26,Scotland
EH27,Scotland
EH28,Scotland
EH29,Scotland
EH3,Scotland
EH30,Scotland
EH31,Scotland
EH32,Scotland
EH33,Scotland
EH34,Scotland
EH35,Scotland
EH36,Scotland
EH37,Scotland
EH38,Scotland
EH39,Scotland
EH4,Scotland
EH40,Scotland
EH41,Scotland
EH42,Scotland
EH43,Scotland
EH44,Scotland
EH45,Scotland
EH46,Scotland
EH47,Scotland
EH48,Scotland
EH49,Scotland
EH5,Scotland
EH51,Scotland
EH52,Scotland
EH53,Scotland
EH54,Scotland
EH55,Scotland
EH6,Scotland
EH7,Scotland
EH8,Scotland
EH9,Scotland
EN1,London
EN10,East of England
EN11,East of England
EN2,London
EN3,London
EN4,London
EN5,East of England
EN6,East of England
EN7,East of England
EN8,East of England
EN9,East of England
EX1,South West
EX10,South West
EX11,South West
EX12,South West
EX13,South West
EX14,South West
EX15,South West
EX16,South West
EX17,South West
EX18,South West
EX19,South West
EX2,South West
EX20,South West
EX21,South West
EX22,South West
EX23,South West
EX24,South West
EX3,South West
EX31,South West
EX32,South West
EX33,South West
EX34,South West
EX35,South West
EX36,South West
EX37,South West
EX38,South West
EX39,South West
EX4,South West
EX5,South West
EX6,South West
EX7,South West
EX8,South West
EX9,South West
FK1,Scotland
FK10,Scotland
FK11,Scotland
FK12,Scotland
FK13,Scotland
FK14,Scotland
FK15,Scotland
FK16,Scotland
FK17,Scotland
FK18,Scotland
FK19,Scotland
FK2,Scotland
FK20,Scotland
FK21,Scotland
FK3,Scotland
FK4,Scotland
FK5,Scotland
FK6,Scotland
FK7,Scotland
FK8,Scotland
FK9,Scotland
FY1,North West
FY2,North West
FY3,North West
FY4,North West
FY5,North West
FY6,North West
FY7,North West
FY8,North West
G1,Scotland
G11,Scotland
G12,Scotland
G13,Scotland
G14,Scotland
G15,Scotland
G2,Scotland
G20,Scotland
G21,Scotland
G22,Scotland
G23,Scotland
G3,Scotland
G31,Scotland
G32,Scotland
G33,Scotland
G34,Scotland
G4,Scotland
G40,Scotland
G41,Scotland
G42,Scotland
G43,Scotland
G44,Scotland
G45,Scotland
G46,Scotland
G5,Scotland
G51,Scotland
G52,Scotland
G53,Scotland
G60,Scotland
G61,Scotland
G62,Scotland
G63,Scotland
G64,Scotland
G65,Scotland
G66,Scotland
G67,Scotland
G68,Scotland
G69,Scotland
G71,Scotland
G72,Scotland
G73,Scotland
G74,Scotland
G76,Scotland
G77,Scotland
G78,Scotland
G81,Scotland
G82,Scotland
G83,Scotland
G84,Scotland
GL1,South West
GL10,South West
GL11,South West
GL12,South West
GL13,South West
GL14,South West
GL15,South West
GL16,South West
GL17,South West
GL18,South West
GL19,South West
GL2,South West
GL20,South West
GL3,South West
GL4,South West
GL5,South West
GL50,South West
GL51,South West
GL52,South West
GL53,South West
GL54,South West
GL55,South West
GL56,South West
GL6,South West
GL7,South West
GL8,South West
GL9,South West
GU1,South East
GU10,South East
GU11,South East
GU12,South East
GU13,South East
GU14,South East
GU15,South East
GU16,South East
GU17,South East
GU18,South East
GU19,South East
GU2,South East
GU20,South East
GU21,South East
GU22,South East
GU23,South East
GU24,South East
GU25,South East
GU26,South East
GU27,South East
GU28,South East
GU29,South East
GU3,South East
GU30,South East
GU31,South East
GU32,South East
GU33,South East
GU34,South East
GU35,South East
GU4,South East
GU46,South East
GU47,South East
GU5,South East
GU51,South East
GU52,South East
GU6,South East
GU7,South East
GU8,South East
GU9,South East
HA0,London
HA1,London
HA2,London
HA3,London
HA4,London
HA5,London
HA6,London
HA7,London
HA8,London
HA9,London
HD1,Yorkshire and the Humber
HD2,Yorkshire and the Humber
HD3,Yorkshire and the Humber
HD4,Yorkshire and the Humber
HD5,Yorkshire and the Humber
HD6,Yorkshire and the Humber
HD7,Yorkshire and the Humber
HD8,Yorkshire and the Humber
HD9,Yorkshire and the Humber
HG1,Yorkshire and the Humber
HG2,Yorkshire and the Humber
HG3,Yorkshire and the Humber
HG4,Yorkshire and the Humber
HG5,Yorkshire and the Humber
HP1,East of England
HP10,South East
HP11,South East
HP12,South East
HP13,South East
HP14,South East
HP15,South East
HP16,South East
HP17,South East
HP18,South East
HP19,South East
HP2,East of England
HP20,South East
HP21,South East
HP22,South East
HP23,South East
HP27,South East
HP3,East of England
HP4,East of England
HP5,South East
HP6,South East
HP7,South East
HP8,South East
HP9,South East
HR1,West Midlands
HR2,West Midlands
HR3,Wales
HR4,West Midlands
HR5,West Midlands
HR6,West Midlands
HR7,West Midlands
HR8,West Midlands
HR9,West Midlands
HS1,Scotland
HS2,Scotland
HS3,Scotland
HS4,Scotland
HS5,Scotland
HS6,Scotland
HS7,Scotland
HS8,Scotland
HS9,Scotland
HU1,Yorkshire and the Humber
HU10,Yorkshire and the Humber
HU11,Yorkshire and the Humber
HU12,Yorkshire and the Humber
HU13,Yorkshire and the Humber
HU14,Yorkshire and the Humber
HU15,Yorkshire and the Humber
HU16,Yorkshire and the Humber
HU17,Yorkshire and the Humber
HU18,Yorkshire and the Humber
HU19,Yorkshire and the Humber
HU2,Yorkshire and the Humber
HU20,Yorkshire and the Humber
HU3,Yorkshire and the Humber
HU4,Yorkshire and the Humber
HU5,Yorkshire and the Humber
HU6,Yorkshire and the Humber
HU7,Yorkshire and the Humber
HU8,Yorkshire and the Humber
HU9,Yorkshire and the Humber
HX1,Yorkshire and the Humber
HX2,Yorkshire and the Humber
HX3,Yorkshire and the Humber
HX4,Yorkshire and the Humber
HX5,Yorkshire and the Humber
HX6,Yorkshire and the Humber
HX7,Yorkshire and the Humber
IG1,London
IG10,East of England
IG11,London
IG2,London
IG3,London
IG4,London
IG5,London
IG6,London
IG7,East of England
IG8,London
IG9,East of England
IM1,Isle of Man
IM2,Isle of Man
IM3,Isle of Man
IM4,Isle of Man
IM5,Isle of Man
IM6,Isle of Man
IM7,Isle of Man
IM8,Isle of Man
IM86,Isle of Man
IM87,Isle of Man
IM9,Isle of Man
IM99,Isle of Man
IP1,East of England
IP10,East of England
IP11,East of England
IP12,East of England
IP13,East of England
IP14,East of England
IP15,East of England
IP16,East of England
IP17,East of England
IP18,East of England
IP19,East of England
IP2,East of England
IP20,East of England
IP21,East of England
IP22,East of England
IP23,East of England
IP24,East of England
IP25,East of England
IP26,East of England
IP27,East of England
IP28,East of England
IP29,East of England
IP3,East of England
IP30,East of England
IP31,East of England
IP32,East of England
IP33,East of England
IP4,East of England
IP5,East of England
IP6,East of England
IP7,East of England
IP8,East of England
IP9,East of England
IV1,Scotland
IV10,Scotland
IV11,Scotland
IV12,Scotland
IV13,Scotland
IV14,Scotland
IV15,Scotland
IV16,Scotland
IV17,Scotland
IV18,Scotland
IV19,Scotland
IV2,Scotland
IV20,Scotland
IV21,Scotland
IV22,Scotland
IV23,Scotland
IV24,Scotland
IV25,Scotland
IV26,Scotland
IV27,Scotland
IV28,Scotland
IV3,Scotland
IV30,Scotland
IV31,Scotland
IV32,Scotland
IV36,Scotland
IV4,Scotland
IV40,Scotland
IV41,Scotland
IV42,Scotland
IV43,Scotland
IV44,Scotland
IV45,Scotland
IV46,Scotland
IV47,Scotland
IV48,Scotland
IV49,Scotland
IV5,Scotland
IV51,Scotland
IV52,Scotland
IV53,Scotland
IV54,Scotland
IV55,Scotland
IV56,Scotland
IV6,Scotland
IV63,Scotland
IV7,Scotland
IV8,Scotland
IV9,Scotland
KA1,Scotland
KA10,Scotland
KA11,Scotland
KA12,Scotland
KA13,Scotland
KA14,Scotland
KA15,Scotland
KA16,Scotland
KA17,Scotland
KA18,Scotland
KA19,Scotland
KA2,Scotland
KA20,Scotland
KA21,Scotland
KA22,Scotland
KA23,Scotland
KA24,Scotland
KA25,Scotland
KA26,Scotland
KA27,Scotland
KA28,Scotland
KA29,Scotland
KA3,Scotland
KA30,Scotland
KA4,Scotland
KA5,Scotland
KA6,Scotland
KA7,Scotland
KA8,Scotland
KA9,Scotland
KT1,South East
KT10,South East
KT11,South East
KT12,South East
KT13,South East
KT14,South East
KT15,South East
KT16,South East
KT17,South East
KT18,South East
KT19,South East
KT2,London
KT20,South East
KT21,South East
KT22,South East
KT23,South East
KT24,South East
KT3,London
KT4,London
KT5,London
KT6,London
KT7,South East
KT8,London
KT9,London
KW1,Scotland
KW10,Scotland
KW11,Scotland
KW12,Scotland
KW13,Scotland
KW14,Scotland
KW15,Scotland
KW16,Scotland
KW17,Scotland
KW2,Scotland
KW3,Scotland
KW5,Scotland
KW6,Scotland
KW7,Scotland
KW8,Scotland
KW9,Scotland
KY1,Scotland
KY10,Scotland
KY11,Scotland
KY12,Scotland
KY13,Scotland
KY14,Scotland
KY15,Scotland
KY16,Scotland
KY2,Scotland
KY3,Scotland
KY4,Scotland
KY5,Scotland
KY6,Scotland
KY7,Scotland
KY8,Scotland
KY9,Scotland
L1,North West
L10,North West
L11,North West
L12,North West
L13,North West
L14,North West
L15,North West
L16,North West
L17,North West
L18,North West
L19,North West
L2,North West
L20,North West
L21,North West
L22,North West
L23,North West
L24,North West
L25,North West
L26,North West
L27,North West
L28,North West
L29,North West
L3,North West
L30,North West
L31,North West
L32,North West
L33,North West
L34,North West
L35,North West
L36,North West
L37,North West
L38,North West
L39,North West
L4,North West
L40,North West
L5,North West
L6,North West
L69,North West
L7,North West
L70,North West
L8,North West
L9,North West
LA1,North West
LA10,North West
LA11,North West
LA12,North West
LA13,North West
LA14,North West
LA15,North West
LA16,North West
LA17,North West
LA18,North West
LA19,North West
LA2,Yorkshire and the Humber
LA20,North West
LA21,North West
LA22,North West
LA23,North West
LA3,North West
LA4,North West
LA5,North West
LA6,North West
LA7,North West
LA8,North West
LA9,North West
LD1,Wales
LD2,Wales
LD3,Wales
LD4,Wales
LD5,Wales
LD6,Wales
LD7,Wales
LD8,West Midlands
LE1,East Midlands
LE10,East Midlands
LE11,East Midlands
LE12,East Midlands
LE13,East Midlands
LE14,East Midlands
LE15,East Midlands
LE16,East Midlands
LE17,East Midlands
LE18,East Midlands
LE19,East Midlands
LE2,East Midlands
LE3,East Midlands
LE4,East Midlands
LE5,East Midlands
LE6,East Midlands
LE65,East Midlands
LE67,East Midlands
LE7,East Midlands
LE8,East Midlands
LE9,East Midlands
LL11,Wales
LL12,Wales
LL13,Wales
LL14,Wales
LL15,Wales
LL16,Wales
LL17,Wales
LL18,Wales
LL19,Wales
LL20,Wales
LL21,Wales
LL22,Wales
LL23,Wales
LL24,Wales
LL25,Wales
LL26,Wales
LL27,Wales
LL28,Wales
LL29,Wales
LL30,Wales
LL31,Wales
LL32,Wales
LL33,Wales
LL34,Wales
LL35,Wales
LL36,Wales
LL37,Wales
LL38,Wales
LL39,Wales
LL40,Wales
LL41,Wales
LL42,Wales
LL43,Wales
LL44,Wales
LL45,Wales
LL46,Wales
LL47,Wales
LL48,Wales
LL49,Wales
LL51,Wales
LL52,Wales
LL53,Wales
LL54,Wales
LL55,Wales
LL56,Wales
LL57,Wales
LL58,Wales
LL59,Wales
LL60,Wales
LL61,Wales
LL62,Wales
LL63,Wales
LL64,Wales
LL65,Wales
LL66,Wales
LL67,Wales
LL68,Wales
LL69,Wales
LL70,Wales
LL71,Wales
LL72,Wales
LL73,Wales
LL74,Wales
LL75,Wales
LL76,Wales
LL77,Wales
LL78,Wales
LN1,East Midlands
LN10,East Midlands
LN11,East Midlands
LN12,East Midlands
LN13,East Midlands
LN2,East Midlands
LN3,East Midlands
LN4,East Midlands
LN5,East Midlands
LN6,East Midlands
LN7,East Midlands
LN8,East Midlands
LN9,East Midlands
LS1,Yorkshire and the Humber
LS10,Yorkshire and the Humber
LS11,Yorkshire and the Humber
LS12,Yorkshire and the Humber
LS13,Yorkshire and the Humber
LS14,Yorkshire and the Humber
LS15,Yorkshire and the Humber
LS16,Yorkshire and the Humber
LS17,Yorkshire and the Humber
LS18,Yorkshire and the Humber
LS19,Yorkshire and the Humber
LS2,Yorkshire and the Humber
LS20,Yorkshire and the Humber
LS21,Yorkshire and the Humber
LS22,Yorkshire and the Humber
LS23,Yorkshire and the Humber
LS24,Yorkshire and the Humber
LS25,Yorkshire and the Humber
LS26,Yorkshire and the Humber
LS27,Yorkshire and the Humber
LS28,Yorkshire and the Humber
LS29,Yorkshire and the Humber
LS3,Yorkshire and the Humber
LS4,Yorkshire and the Humber
LS5,Yorkshire and the Humber
LS6,Yorkshire and the Humber
LS7,Yorkshire and the Humber
LS8,Yorkshire and the Humber
LS9,Yorkshire and the Humber
LU1,East of England
LU2,East of England
LU3,East of England
LU4,East of England
LU5,East of England
LU6,East of England
LU7,East of England
M1,North West
M11,North West
M12,North West
M13,North West
M14,North West
M15,North West
M16,North West
M17,North West
M18,North West
M19,North West
M2,North West
M20,North West
M21,North West
M22,North West
M23,North West
M24,North West
M25,North West
M26,North West
M27,North West
M28,North West
M29,North West
M3,North West
M30,North West
M31,North West
M32,North West
M33,North West
M34,North West
M35,North West
M38,North West
M4,North West
M40,North West
M41,North West
M43,North West
M44,North West
M45,North West
M46,North West
M5,North West
M6,North West
M60,North West
M7,North West
M8,North West
M9,North West
M90,North West
ME1,South East
ME10,South East
ME11,South East
ME12,South East
ME13,South East
ME14,South East
ME15,South East
ME16,South East
ME17,South East
ME18,South East
ME19,South East
ME2,South East
ME20,South East
ME3,South East
ME4,South East
ME5,South East
ME6,South East
ME7,South East
ME8,South East
ME9,South East
MK1,South East
MK10,South East
MK11,South East
MK12,South East
MK13,South East
MK14,South East
MK15,South East
MK16,South East
MK17,South East
MK18,South East
MK19,South East
MK2,South East
MK3,South East
MK4,South East
MK40,East of England
MK41,East of England
MK42,East of England
MK43,East of England
MK44,East of England
MK45,East of England
MK46,South East
MK5,South East
MK6,South East
MK7,South East
MK8,South East
MK9,South East
ML1,Scotland
ML10,Scotland
ML11,Scotland
ML12,Scotland
ML2,Scotland
ML3,Scotland
ML4,Scotland
ML5,Scotland
ML6,Scotland
ML7,Scotland
ML8,Scotland
ML9,Scotland
N1,London
N10,London
N11,London
N12,London
N13,London
N14,London
N15,London
N16,London
N17,London
N18,London
N19,London
N2,London
N20,London
N21,London
N22,London
N3,London
N4,London
N5,London
N6,London
N7,London
N8,London
N9,London
NE1,North East
NE10,North East
NE11,North East
NE12,North East
NE13,North East
NE15,North East
NE16,North East
NE17,North East
NE18,North East
NE19,North East
NE2,North East
NE20,North East
NE21,North East
NE22,North East
NE23,North East
NE24,North East
NE25,North East
NE26,North East
NE27,North East
NE28,North East
NE29,North East
NE3,North East
NE30,North East
NE31,North East
NE32,North East
NE33,North East
NE34,North East
NE35,North East
NE36,North East
NE37,North East
NE38,North East
NE39,North East
NE4,North East
NE40,North East
NE41,North East
NE42,North East
NE43,North East
NE44,North East
NE45,North East
NE46,North East
NE47,North East
NE48,North East
NE49,North East
NE5,North East
NE6,North East
NE61,North East
NE62,North East
NE63,North East
NE64,North East
NE65,North East
NE66,North East
NE67,North East
NE68,North East
NE69,North East
NE7,North East
NE70,North East
NE71,North East
NE8,North East
NE9,North East
NE99,North East
NG1,East Midlands
NG10,East Midlands
NG11,East Midlands
NG12,East Midlands
NG13,East Midlands
NG14,East Midlands
NG15,East Midlands
NG16,East Midlands
NG17,East Midlands
NG18,East Midlands
NG19,East Midlands
NG2,East Midlands
NG20,East Midlands
NG21,East Midlands
NG22,East Midlands
NG23,East Midlands
NG24,East Midlands
NG25,East Midlands
NG3,East Midlands
NG31,East Midlands
NG32,East Midlands
NG33,East Midlands
NG34,East Midlands
NG4,East Midlands
NG5,East Midlands
NG6,East Midlands
NG7,East Midlands
NG8,East Midlands
NG9,East Midlands
NN1,East Midlands
NN10,East Midlands
NN11,East Midlands
NN12,East Midlands
NN13,East Midlands
NN14,East Midlands
NN15,East Midlands
NN16,East Midlands
NN17,East Midlands
NN18,East Midlands
NN2,East Midlands
NN29,East Midlands
NN3,East Midlands
NN4,East Midlands
NN5,East Midlands
NN6,East Midlands
NN7,East Midlands
NN8,East Midlands
NN9,East Midlands
NP10,Wales
NP11,Wales
NP12,Wales
NP13,Wales
NP15,Wales
NP16,Wales
NP18,Wales
NP19,Wales
NP20,Wales
NP22,Wales
NP23,Wales
NP24,Wales
NP25,Wales
NP26,Wales
NP4,Wales
NP44,Wales
NP7,Wales
NP8,Wales
NR1,East of England
NR10,East of England
NR11,East of England
NR12,East of England
NR13,East of England
NR14,East of England
NR15,East of England
NR16,East of England
NR17,East of England
NR18,East of England
NR19,East of England
NR2,East of England
NR20,East of England
NR21,East of England
NR22,East of England
NR23,East of England
NR24,East of England
NR25,East of England
NR26,East of England
NR27,East of England
NR28,East of England
NR29,East of England
NR3,East of England
NR30,East of England
NR31,East of England
NR32,East of England
NR33,East of England
NR34,East of England
NR35,East of England
NR4,East of England
NR5,East of England
NR6,East of England
NR7,East of England
NR8,East of England
NR9,East of England
NW1,London
NW10,London
NW11,London
NW2,London
NW3,London
NW4,London
NW5,London
NW6,London
NW7,London
NW8,London
NW9,London
OL1,North West
OL10,North West
OL11,North West
OL12,North West
OL13,North West
OL14,Yorkshire and the Humber
OL15,North West
OL16,North West
OL2,North West
OL3,North West
OL4,North West
OL5,North West
OL6,North West
OL7,North West
OL8,North West
OL9,North West
OX1,South East
OX10,South East
OX11,South East
OX12,South East
OX13,South East
OX14,South East
OX15,South East
OX16,South East
OX17,South East
OX18,South East
OX2,South East
OX20,South East
OX25,South East
OX26,South East
OX27,South East
OX28,South East
OX29,South East
OX3,South East
OX33,South East
OX39,South East
OX4,South East
OX44,South East
OX49,South East
OX5,South East
OX6,South East
OX7,South East
OX8,South East
OX9,South East
PA1,Scotland
PA10,Scotland
PA11,Scotland
PA12,Scotland
PA13,Scotland
PA14,Scotland
PA15,Scotland
PA16,Scotland
PA17,Scotland
PA18,Scotland
PA19,Scotland
PA2,Scotland
PA20,Scotland
PA21,Scotland
PA22,Scotland
PA23,Scotland
PA24,Scotland
PA25,Scotland
PA26,Scotland
PA27,Scotland
PA28,Scotland
PA29,Scotland
PA3,Scotland
PA30,Scotland
PA31,Scotland
PA32,Scotland
PA33,Scotland
PA34,Scotland
PA35,Scotland
PA36,Scotland
PA37,Scotland
PA38,Scotland
PA4,Scotland
PA41,Scotland
PA42,Scotland
PA43,Scotland
PA44,Scotland
PA45,Scotland
PA46,Scotland
PA47,Scotland
PA48,Scotland
PA49,Scotland
PA5,Scotland
PA6,Scotland
PA60,Scotland
PA61,Scotland
PA62,Scotland
PA63,Scotland
PA64,Scotland
PA65,Scotland
PA66,Scotland
PA67,Scotland
PA68,Scotland
PA69,Scotland
PA7,Scotland
PA70,Scotland
PA71,Scotland
PA72,Scotland
PA73,Scotland
PA74,Scotland
PA75,Scotland
PA76,Scotland
PA77,Scotland
PA78,Scotland
PA8,Scotland
PA9,Scotland
PE1,East of England
PE10,East Midlands
PE11,East Midlands
PE12,East Midlands
PE13,East of England
PE14,East of England
PE15,East of England
PE16,East of England
PE19,East of England
PE2,East of England
PE20,East Midlands
PE21,East Midlands
PE22,East Midlands
PE23,East Midlands
PE24,East Midlands
PE25,East Midlands
PE26,East of England
PE27,East of England
PE28,East of England
PE29,East of England
PE3,East of England
PE30,East Midlands
PE31,East Midlands
PE32,East Midlands
PE33,East Midlands
PE34,East Midlands
PE35,East Midlands
PE36,East Midlands
PE37,East Midlands
PE38,East Midlands
PE4,East of England
PE5,East of England
PE6,East of England
PE7,East of England
PE8,East of England
PE9,East Midlands
PH1,Scotland
PH10,Scotland
PH11,Scotland
PH12,Scotland
PH13,Scotland
PH14,Scotland
PH15,Scotland
PH16,Scotland
PH17,Scotland
PH18,Scotland
PH19,Scotland
PH2,Scotland
PH20,Scotland
PH21,Scotland
PH22,Scotland
PH23,Scotland
PH24,Scotland
PH25,Scotland
PH26,Scotland
PH3,Scotland
PH30,Scotland
PH31,Scotland
PH32,Scotland
PH33,Scotland
PH34,Scotland
PH35,Scotland
PH36,Scotland
PH38,Scotland
PH39,Scotland
PH4,Scotland
PH40,Scotland
PH41,Scotland
PH42,Scotland
PH43,Scotland
PH44,Scotland
PH49,Scotland
PH5,Scotland
PH50,Scotland
PH6,Scotland
PH7,Scotland
PH8,Scotland
PH9,Scotland
PL1,South West
PL10,South West
PL11,South West
PL12,South West
PL13,South West
PL14,South West
PL15,South West
PL16,South West
PL17,South West
PL18,South West
PL19,South West
PL2,South West
PL20,South West
PL21,South West
PL22,South West
PL23,South West
PL24,South West
PL25,South West
PL26,South West
PL27,South West
PL28,South West
PL29,South West
PL3,South West
PL30,South West
PL31,South West
PL32,South West
PL33,South West
PL34,South West
PL35,South West
PL4,South West
PL5,South West
PL6,South West
PL7,South West
PL8,South West
PL9,South West
PO1,South East
PO10,South East
PO11,South East
PO12,South East
PO13,South East
PO14,South East
PO15,South East
PO16,South East
PO17,South East
PO18,South East
PO19,South East
PO2,South East
PO20,South East
PO21,South East
PO22,South East
PO3,South East
PO30,South East
PO31,South East
PO32,South East
PO33,South East
PO34,South East
PO35,South East
PO36,South East
PO37,South East
PO38,South East
PO39,South East
PO4,South East
PO40,South East
PO41,South East
PO5,South East
PO6,South East
PO7,South East
PO8,South East
PO9,South East
PR1,North West
PR2,North West
PR25,North West
PR26,North West
PR3,North West
PR4,North West
PR5,North West
PR6,North West
PR7,North West
PR8,North West
PR9,North West
RG1,South East
RG10,South East
RG12,South East
RG14,South East
RG17,South East
RG18,South East
RG19,South East
RG2,South East
RG20,South East
RG21,South East
RG22,South East
RG23,South East
RG24,South East
RG25,South East
RG26,South East
RG27,South East
RG28,South East
RG29,South East
RG30,South East
RG31,South East
RG4,South East
RG40,South East
RG41,South East
RG42,South East
RG45,South East
RG5,South East
RG6,South East
RG7,South East
RG8,South East
RG9,South East
RH1,South East
RH10,South East
RH11,South East
RH12,South East
RH13,South East
RH14,South East
RH15,South East
RH16,South East
RH17,South East
RH18,South East
RH19,South East
RH2,South East
RH20,South East
RH3,South East
RH4,South East
RH5,South East
RH6,South East
RH7,South East
RH8,South East
RH9,South East
RM1,London
RM10,East of England
RM11,East of England
RM12,East of England
RM13,East of England
RM14,East of England
RM15,East of England
RM16,East of England
RM17,East of England
RM18,East of England
RM19,East of England
RM2,London
RM20,East of England
RM3,London
RM4,London
RM5,London
RM6,London
RM7,London
RM8,East of England
RM9,East of England
S1,Yorkshire and the Humber
S10,Yorkshire and the Humber
S11,Yorkshire and the Humber
S12,Yorkshire and the Humber
S13,Yorkshire and the Humber
S14,Yorkshire and the Humber
S17,Yorkshire and the Humber
S18,East Midlands
S2,Yorkshire and the Humber
S20,Yorkshire and the Humber
S21,Yorkshire and the Humber
S25,Yorkshire and the Humber
S26,Yorkshire and the Humber
S3,Yorkshire and the Humber
S32,East Midlands
S33,East Midlands
S35,Yorkshire and the Humber
S36,Yorkshire and the Humber
S4,Yorkshire and the Humber
S40,East Midlands
S41,East Midlands
S42,East Midlands
S43,East Midlands
S44,East Midlands
S45,East Midlands
S5,Yorkshire and the Humber
S6,Yorkshire and the Humber
S60,East Midlands
S61,East Midlands
S62,East Midlands
S63,East Midlands
S64,East Midlands
S65,East Midlands
S66,East Midlands
S7,Yorkshire and the Humber
S70,East Midlands
S71,East Midlands
S72,East Midlands
S73,East Midlands
S74,East Midlands
S75,East Midlands
S8,Yorkshire and the Humber
S80,East Midlands
S81,East Midlands
S9,Yorkshire and the Humber
SA1,Wales
SA10,Wales
SA11,Wales
SA12,Wales
SA13,Wales
SA14,Wales
SA15,Wales
SA16,Wales
SA17,Wales
SA18,Wales
SA19,Wales
SA2,Wales
SA20,Wales
SA3,Wales
SA31,Wales
SA32,Wales
SA33,Wales
SA34,Wales
SA35,Wales
SA36,Wales
SA37,Wales
SA38,Wales
SA39,Wales
SA4,Wales
SA40,Wales
SA41,Wales
SA42,Wales
SA43,Wales
SA44,Wales
SA45,Wales
SA46,Wales
SA47,Wales
SA48,Wales
SA5,Wales
SA6,Wales
SA61,Wales
SA62,Wales
SA63,Wales
SA64,Wales
SA65,Wales
SA66,Wales
SA67,Wales
SA68,Wales
SA69,Wales
SA7,Wales
SA70,Wales
SA71,Wales
SA72,Wales
SA73,Wales
SA8,Wales
SA9,Wales
SE1,London
SE10,London
SE11,London
SE12,London
SE13,London
SE14,London
SE15,London
SE16,London
SE17,London
SE18,London
SE19,London
SE2,London
SE20,London
SE21,London
SE22,London
SE23,London
SE24,London
SE25,London
SE26,London
SE27,London
SE28,London
SE3,London
SE4,London
SE5,London
SE6,London
SE7,London
SE8,London
SE9,London
SG1,East of England
SG10,East of England
SG11,East of England
SG12,East of England
SG13,East of England
SG14,East of England
SG15,East of England
SG16,East of England
SG17,East of England
SG18,East of England
SG19,East of England
SG2,East of England
SG3,East of England
SG4,East of England
SG5,East of England
SG6,East of England
SG7,East of England
SG8,East of England
SG9,East of England
SK1,North West
SK10,North West
SK11,North West
SK12,North West
SK13,East Midlands
SK14,North West
SK15,North West
SK16,North West
SK17,East Midlands
SK2,North West
SK22,East Midlands
SK23,East Midlands
SK3,North West
SK4,North West
SK5,North West
SK6,North West
SK7,North West
SK8,North West
SK9,North West
SL0,South East
SL1,South East
SL2,South East
SL3,South East
SL4,South East
SL5,South East
SL6,South East
SL7,South East
SL8,South East
SL9,South East
SM1,London
SM2,London
SM3,London
SM4,London
SM5,London
SM6,London
SM7,South East
SN1,South West
SN10,South West
SN11,South West
SN12,South West
SN13,South West
SN14,South West
SN15,South West
SN16,South West
SN2,South West
SN25,South West
SN26,South West
SN3,South West
SN4,South West
SN5,South West
SN6,South West
SN7,South West
SN8,South West
SN9,South West
SO1,South East
SO14,South East
SO15,South East
SO16,South East
SO17,South East
SO18,South East
SO19,South East
SO20,South East
SO21,South East
SO22,South East
SO23,South East
SO24,South East
SO30,South East
SO31,South East
SO32,South East
SO40,South East
SO41,South East
SO42,South East
SO43,South East
SO45,South East
SO50,South East
SO51,South East
SO52,South East
SO53,South East
SP1,South West
SP10,South West
SP11,South West
SP2,South West
SP3,South West
SP4,South West
SP5,South West
SP6,South West
SP7,South West
SP8,South West
SP9,South West
SR1,North East
SR2,North East
SR3,North East
SR4,North East
SR5,North East
SR6,North East
SR7,North East
SR8,North East
SR9,North East
SS0,East of England
SS1,East of England
SS11,East of England
SS12,East of England
SS13,East of England
SS14,East of England
SS15,East of England
SS16,East of England
SS17,East of England
SS2,East of England
SS3,East of England
SS4,East of England
SS5,East of England
SS6,East of England
SS7,East of England
SS8,East of England
SS9,East of England
ST1,West Midlands
ST10,West Midlands
ST11,West Midlands
ST12,West Midlands
ST13,West Midlands
ST14,West Midlands
ST15,West Midlands
ST16,West Midlands
ST17,West Midlands
ST18,West Midlands
ST19,West Midlands
ST2,West Midlands
ST20,West Midlands
ST21,West Midlands
ST3,West Midlands
ST4,West Midlands
ST5,West Midlands
ST6,West Midlands
ST7,West Midlands
ST8,West Midlands
ST9,West Midlands
SW1,London
SW10,London
SW11,London
SW12,London
SW13,London
SW14,London
SW15,London
SW16,London
SW17,London
SW18,London
SW19,London
SW1A,London
SW1E,London
SW1H,London
SW1P,London
SW1V,London
SW1W,London
SW1X,London
SW1Y,London
SW2,London
SW20,London
SW3,London
SW4,London
SW5,London
SW6,London
SW7,London
SW8,London
SW9,London
SY1,West Midlands
SY10,West Midlands
SY11,West Midlands
SY12,West Midlands
SY13,West Midlands
SY14,North West
SY15,Wales
SY16,Wales
SY17,Wales
SY18,Wales
SY19,Wales
SY2,West Midlands
SY20,Wales
SY21,Wales
SY22,Wales
SY23,Wales
SY24,Wales
SY25,Wales
SY3,West Midlands
SY4,West Midlands
SY5,West Midlands
SY6,West Midlands
SY7,West Midlands
SY8,West Midlands
SY9,West Midlands
TA1,South West
TA10,South West
TA11,South West
TA12,South West
TA13,South West
TA14,South West
TA15,South West
TA16,South West
TA17,South West
TA18,South West
TA19,South West
TA2,South West
TA20,South West
TA21,South West
TA22,South West
TA23,South West
TA24,South West
TA3,South West
TA4,South West
TA5,South West
TA6,South West
TA7,South West
TA8,South West
TA9,South West
TD1,Scotland
TD10,Scotland
TD11,Scotland
TD12,North East
TD13,Scotland
TD14,Scotland
TD15,North East
TD2,Scotland
TD3,Scotland
TD4,Scotland
TD5,Scotland
TD6,Scotland
TD7,Scotland
TD8,Scotland
TD9,Scotland
TF1,West Midlands
TF10,West Midlands
TF11,West Midlands
TF12,West Midlands
TF13,West Midlands
TF2,West Midlands
TF3,West Midlands
TF4,West Midlands
TF5,West Midlands
TF6,West Midlands
TF7,West Midlands
TF8,West Midlands
TF9,West Midlands
TN1,South East
TN10,South East
TN11,South East
TN12,South East
TN13,South East
TN14,South East
TN15,South East
TN16,South East
TN17,South East
TN18,South East
TN19,South East
TN2,South East
TN20,South East
TN21,South East
TN22,South East
TN23,South East
TN24,South East
TN25,South East
TN26,South East
TN27,South East
TN28,South East
TN29,South East
TN3,South East
TN30,South East
TN31,South East
TN32,South East
TN33,South East
TN34,South East
TN35,South East
TN36,South East
TN37,South East
TN38,South East
TN39,South East
TN4,South East
TN40,South East
TN5,South East
TN6,South East
TN7,South East
TN8,South East
TN9,South East
TQ1,South West
TQ10,South West
TQ11,South West
TQ12,South West
TQ13,South West
TQ14,South West
TQ2,South West
TQ3,South West
TQ4,South West
TQ5,South West
TQ6,South West
TQ7,South West
TQ8,South West
TQ9,South West
TR1,South West
TR10,South West
TR11,South West
TR12,South West
TR13,South West
TR14,South West
TR15,South West
TR16,South West
TR17,South West
TR18,South West
TR19,South West
TR2,South West
TR20,South West
TR21,South West
TR22,South West
TR23,South West
TR24,South West
TR25,South West
TR26,South West
TR27,South West
TR3,South West
TR4,South West
TR5,South West
TR6,South West
TR7,South West
TR8,South West
TR9,South West
TS1,North East
TS10,North East
TS11,North East
TS12,North East
TS13,Yorkshire and the Humber
TS14,North East
TS15,Yorkshire and the Humber
TS16,North East
TS17,North East
TS18,North East
TS19,North East
TS2,North East
TS20,North East
TS21,North East
TS22,North East
TS23,North East
TS24,North East
TS25,North East
TS26,North East
TS27,North East
TS28,North East
TS29,North East
TS3,North East
TS4,North East
TS5,North East
TS6,North East
TS7,North East
TS8,North East
TS9,North East
TW1,London
TW10,South East
TW11,South East
TW12,South East
TW13,South East
TW14,South East
TW15,South East
TW16,South East
TW17,South East
TW18,South East
TW19,South East
TW2,London
TW20,South East
TW3,London
TW4,London
TW5,London
TW6,South East
TW7,London
TW8,London
TW9,London
UB1,London
UB10,London
UB11,London
UB2,London
UB3,London
UB4,London
UB5,London
UB6,London
UB7,London
UB8,London
UB9,London
W1,London
W10,London
W11,London
W12,London
W13,London
W14,London
W1B,London
W1C,London
W1D,London
W1F,London
W1G,London
W1H,London
W1J,London
W1K,London
W1M,London
W1S,London
W1T,London
W1U,London
W1W,London
W2,London
W3,London
W4,London
W5,London
W6,London
W7,London
W8,London
W9,London
WA1,North West
WA10,North West
WA11,North West
WA12,North West
WA13,North West
WA14,North West
WA15,North West
WA16,North West
WA2,North West
WA3,North West
WA4,North West
WA5,North West
WA6,North West
WA7,North West
WA8,North West
WA9,North West
WC1,London
WC1A,London
WC1B,London
WC1E,London
WC1H,London
WC1N,London
WC1R,London
WC1V,London
WC1X,London
WC2,London
WC2A,London
WC2B,London
WC2E,London
WC2H,London
WC2N,London
WC2R,London
WD1,South East
WD17,South East
WD18,South East
WD19,South East
WD2,South East
WD23,South East
WD24,South East
WD25,South East
WD3,South East
WD4,South East
WD5,South East
WD6,South East
WD7,South East
WF1,Yorkshire and the Humber
WF10,Yorkshire and the Humber
WF11,Yorkshire and the Humber
WF12,Yorkshire and the Humber
WF13,Yorkshire and the Humber
WF14,Yorkshire and the Humber
WF15,Yorkshire and the Humber
WF16,Yorkshire and the Humber
WF17,Yorkshire and the Humber
WF2,Yorkshire and the Humber
WF3,Yorkshire and the Humber
WF4,Yorkshire and the Humber
WF5,Yorkshire and the Humber
WF6,Yorkshire and the Humber
WF7,Yorkshire and the Humber
WF8,Yorkshire and the Humber
WF9,Yorkshire and the Humber
WN1,North West
WN2,North West
WN3,North West
WN4,North West
WN5,North West
WN6,North West
WN7,North West
WN8,North West
WR1,West Midlands
WR10,West Midlands
WR11,West Midlands
WR12,West Midlands
WR13,West Midlands
WR14,West Midlands
WR15,West Midlands
WR2,West Midlands
WR3,West Midlands
WR4,West Midlands
WR5,West Midlands
WR6,West Midlands
WR7,West Midlands
WR8,West Midlands
WR9,West Midlands
WS1,West Midlands
WS10,West Midlands
WS11,West Midlands
WS12,West Midlands
WS13,West Midlands
WS14,West Midlands
WS15,West Midlands
WS2,West Midlands
WS3,West Midlands
WS4,West Midlands
WS5,West Midlands
WS6,West Midlands
WS7,West Midlands
WS8,West Midlands
WS9,West Midlands
WV1,West Midlands
WV10,West Midlands
WV11,West Midlands
WV12,West Midlands
WV13,West Midlands
WV14,West Midlands
WV15,West Midlands
WV16,West Midlands
WV2,West Midlands
WV3,West Midlands
WV4,West Midlands
WV5,West Midlands
WV6,West Midlands
WV7,West Midlands
WV8,West Midlands
WV9,West Midlands
YO1,Yorkshire and the Humber
YO10,Yorkshire and the Humber
YO11,Yorkshire and the Humber
YO12,Yorkshire and the Humber
YO13,Yorkshire and the Humber
YO14,Yorkshire and the Humber
YO15,Yorkshire and the Humber
YO16,Yorkshire and the Humber
YO17,Yorkshire and the Humber
YO18,Yorkshire and the Humber
YO19,Yorkshire and the Humber
YO21,Yorkshire and the Humber
YO22,Yorkshire and the Humber
YO23,Yorkshire and the Humber
YO24,Yorkshire and the Humber
YO25,Yorkshire and the Humber
YO26,Yorkshire and the Humber
YO30,Yorkshire and the Humber
YO31,Yorkshire and the Humber
YO32,Yorkshire and the Humber
YO41,Yorkshire and the Humber
YO42,Yorkshire and the Humber
YO43,Yorkshire and the Humber
YO51,Yorkshire and the Humber
YO60,Yorkshire and the Humber
YO61,Yorkshire and the Humber
YO62,Yorkshire and the Humber
YO7,Yorkshire and the Humber
YO8,Yorkshire and the Humber
ZE1,Scotland
ZE2,Scotland
ZE3,Scotland